{"N3M2": {"markov": 0.6572054240714226, "random": 0.7114882506527415}}