,#effective,C_prob,init_01,init_11,init_10,init_00
0,0,0.5,0.585209216101695,0.45869824143487703,0.6142365842579975,0.6586861965128815
1,1,0.5,0.4147907838983051,0.541301758565123,0.38576341574200246,0.3413138034871185
