,#effective,C_prob,init_01,init_11,init_10,init_00
0,0,0.125,0.23868436934218468,0.1562185978202056,0.2567427385892116,0.3065958164642375
1,1,0.375,0.38774894387447195,0.3176934374275334,0.3901896858328394,0.4056174089068826
2,2,0.375,0.272178636089318,0.295354409832264,0.2668197984588026,0.22920883940620781
3,3,0.125,0.10138805069402534,0.23073355491999692,0.08624777711914641,0.058577935222672066
