,#effective,C_prob,init_01,init_11,init_10,init_00
0,0,0.0625,0.15989786962419214,0.10146333575875172,0.17221350078492936,0.21062957018013198
1,1,0.25,0.3160456395116891,0.2411674347158218,0.3274725274725274,0.3588371678259319
2,2,0.375,0.3078273358333998,0.2707575390088124,0.30094191522762953,0.27831282325664347
3,3,0.25,0.15534987632649805,0.20583717357910908,0.15282574568288854,0.12332798287854468
4,4,0.0625,0.06087927870422086,0.18077451693750504,0.046546310832025116,0.028892455858747994
