,#effective,C_prob,init_011,init_111,init_110,init_100,init_001,init_010,init_101,init_000
0,0,0.5,0.5276657525407323,0.3777615926195679,0.5897316581355669,0.6347136180849907,0.5992413254490684,0.6312907735321528,0.5508416351769152,0.671301350186728
1,1,0.5,0.4723342474592676,0.6222384073804321,0.41026834186443306,0.36528638191500923,0.4007586745509316,0.36870922646784715,0.44915836482308485,0.32869864981327207
