,#effective,C_prob,init_011,init_111,init_110,init_100,init_001,init_010,init_101,init_000
0,0,0.25,0.3378803777544596,0.21005917159763313,0.35603506405933916,0.4169289961525009,0.3894711767508337,0.4146981627296588,0.33854748603351953,0.4580912350105081
1,1,0.5,0.42305001748863236,0.36323292092522863,0.4514497639919083,0.4341844467762621,0.4352072415435922,0.43032120984876887,0.44338919925512105,0.41599703300778834
2,2,0.25,0.239069604756908,0.42670790747713827,0.19251517194875253,0.14888655707123702,0.17532158170557408,0.15498062742157231,0.2180633147113594,0.12591173198170355
