,#effective,C_prob,init_0010,init_0101,init_1011,init_0111,init_1111,init_1110,init_1101,init_0110,init_1010,init_0100,init_1000,init_0000,init_0001,init_0011,init_1100,init_1001
0,0,0.5,0.6402951424472227,0.5730297723292469,0.5247357293868922,0.48801571709233793,0.32234762979683973,0.5610842926104715,0.5240343347639485,0.6218938885157824,0.6142361111111111,0.6605052372150338,0.6623842811260154,0.6797763457164518,0.6207968901846452,0.5489576753000631,0.6027679623085983,0.5825734549138805
1,1,0.5,0.3597048575527772,0.42697022767075304,0.47526427061310783,0.5119842829076621,0.6776523702031603,0.4389157073895284,0.4759656652360515,0.3781061114842176,0.3857638888888889,0.3394947627849661,0.3376157188739845,0.32022365428354815,0.3792031098153547,0.4510423246999368,0.39723203769140164,0.41742654508611954
