,#effective,C_prob,init_0111,init_1111,init_1110,init_1100,init_1001,init_1011,init_1101,init_0110,init_1010,init_0101,init_0100,init_0011,init_1000,init_0000,init_0001,init_0010
0,0,0.25,0.2793490895001937,0.1574169589436765,0.3256419799032378,0.38853308935651115,0.3583934088568486,0.29965899403239554,0.29608938547486036,0.3660839160839161,0.3859583952451709,0.3536316947909024,0.42487275946005754,0.3484455958549223,0.43266301035953686,0.46176865132597256,0.399834265589393,0.41769413800562405
1,1,0.5,0.40875629600929875,0.32349907159067465,0.43989579456643096,0.4376334248246417,0.44593202883625127,0.4279624893435635,0.4344649763644177,0.45664335664335665,0.4338781575037147,0.4512105649303008,0.4343881389687984,0.43458549222797926,0.4233191143611619,0.4196677329480962,0.4338098197638285,0.43132165260653255
2,2,0.25,0.31189461449050754,0.5190839694656488,0.23446222553033122,0.17383348581884722,0.1956745623069001,0.27237851662404094,0.269445638160722,0.17727272727272728,0.1801634472511144,0.19515774027879676,0.14073910157114405,0.21696891191709844,0.14401787527930124,0.11856361572593127,0.16635591464677854,0.1509842093878434
